Peptide Sequence	Modified Peptide	Peptide Length	Charge	Compensation Voltage	Label Count	Light Modified Peptide	Heavy Modified Peptide	Light Intensity	Heavy Intensity	Log2 Ratio HL	Pearson Correlation LH	Light Apex Retention Time	Heavy Apex Retention Time	Light Match Type	Heavy Match Type	Protein	Protein ID	Entry Name	Gene	Protein Description	Mapped Genes	Mapped Proteins
EAIEGTYIDKKCPFTGNVSIR	EAIEGTYIDKKCPFTGNVSIR	21	4	-45	1	EAIEGTYIDKKC[521.3074]PFTGNVSIR	EAIEGTYIDKKC[527.3213]PFTGNVSIR	2.4497806E7	4.3969676E7	0.8438563738826562	0.7562493	1966.4471	1961.2051	MS/MS	requantify	sp|P62280|RS11_HUMAN	P62280	RS11_HUMAN	RPS11	40S ribosomal protein S11		
EEEIAALVIDNGSGMCKAGFAGDDAPR	n[42.0106]EEEIAALVIDNGSGMCKAGFAGDDAPR	27	3	-35	1	n[42.0106]EEEIAALVIDNGSGMC[521.3074]KAGFAGDDAPR	n[42.0106]EEEIAALVIDNGSGMC[527.3213]KAGFAGDDAPR	6445.872	2.4390214E7	11.885639220154493	0.42906883	3009.339	3010.727	requantify	MS/MS	sp|P63261|ACTG_HUMAN	P63261	ACTG_HUMAN	ACTG1	Actin, cytoplasmic 2		
EINMTTVTCLLDRNLSVLPESTLFRLDQEEK	EINM[15.9949]TTVTCLLDRNLSVLPESTLFRLDQEEK	31	4	-45	1	EINM[15.9949]TTVTC[521.3074]LLDRNLSVLPESTLFRLDQEEK	EINM[15.9949]TTVTC[527.3213]LLDRNLSVLPESTLFRLDQEEK	32111.133	3935460.5	6.937315085649633	-0.42721763	3224.194	3219.7913	requantify	MS/MS	sp|P51530|DNA2_HUMAN	P51530	DNA2_HUMAN	DNA2	DNA replication ATP-dependent helicase/nuclease DNA2		
FLKSGDAAIVDMVPGKPMCVESFSDYPPLGR	FLKSGDAAIVDMVPGKPMCVESFSDYPPLGR	31	4	-45	1	FLKSGDAAIVDMVPGKPMC[521.3074]VESFSDYPPLGR	FLKSGDAAIVDMVPGKPMC[527.3213]VESFSDYPPLGR	6.22338E7	1.8304336E8	1.5564151901557088	0.9167758	2637.704	2637.704	requantify	MS/MS	sp|P68104|EF1A1_HUMAN	P68104	EF1A1_HUMAN	EEF1A1	Elongation factor 1-alpha 1		
FLKSGDAAIVDMVPGKPMCVESFSDYPPLGR	FLKSGDAAIVDM[15.9949]VPGKPM[15.9949]CVESFSDYPPLGR	31	4	-45	1	FLKSGDAAIVDM[15.9949]VPGKPM[15.9949]C[521.3074]VESFSDYPPLGR	FLKSGDAAIVDM[15.9949]VPGKPM[15.9949]C[527.3213]VESFSDYPPLGR	1.2271912E7	3.5560872E7	1.5349307100344294	0.7214921	2635.2712	2635.2712	requantify	MS/MS	sp|P68104|EF1A1_HUMAN	P68104	EF1A1_HUMAN	EEF1A1	Elongation factor 1-alpha 1		
ISLGLPVGAVINCADNTGAK	ISLGLPVGAVINCADNTGAK	20	3	-55	1	ISLGLPVGAVINC[521.3074]ADNTGAK	ISLGLPVGAVINC[527.3213]ADNTGAK	1.5546956E7	4.3423144E7	1.481832067109307	0.76755106	2649.2932	2646.872	requantify	MS/MS	sp|P62829|RL23_HUMAN	P62829	RL23_HUMAN	RPL23	60S ribosomal protein L23		
MREIVHIQAGQCGNQIGAK	MREIVHIQAGQCGNQIGAK	19	3	-55	1	MREIVHIQAGQC[521.3074]GNQIGAK	MREIVHIQAGQC[527.3213]GNQIGAK	4.2711204E7	1.09500064E8	1.3582452720695628	0.9959572	1591.905	1591.905	requantify	MS/MS	sp|P07437|TBB5_HUMAN	P07437	TBB5_HUMAN	TUBB	Tubulin beta chain	TUBB2A, TUBB2B, TUBB3, TUBB4A, TUBB4B	sp|P04350|TBB4A_HUMAN, sp|P68371|TBB4B_HUMAN, sp|Q13509|TBB3_HUMAN, sp|Q13885|TBB2A_HUMAN, sp|Q9BVA1|TBB2B_HUMAN
MREIVHIQAGQCGNQIGAK	MREIVHIQAGQCGNQIGAK	19	3	-45	1	MREIVHIQAGQC[521.3074]GNQIGAK	MREIVHIQAGQC[527.3213]GNQIGAK	1.3032404E8	3.24007104E8	1.313922212755051	0.92097825	1590.8881	1590.8881	MS/MS	MS/MS	sp|P07437|TBB5_HUMAN	P07437	TBB5_HUMAN	TUBB	Tubulin beta chain	TUBB2A, TUBB2B, TUBB3, TUBB4A, TUBB4B	sp|P04350|TBB4A_HUMAN, sp|P68371|TBB4B_HUMAN, sp|Q13509|TBB3_HUMAN, sp|Q13885|TBB2A_HUMAN, sp|Q9BVA1|TBB2B_HUMAN
MREIVHIQAGQCGNQIGAK	MREIVHIQAGQCGNQIGAK	19	4	-55	1	MREIVHIQAGQC[521.3074]GNQIGAK	MREIVHIQAGQC[527.3213]GNQIGAK	1.13502688E8	3.55497344E8	1.6471123129586347	0.7390912	1588.9191	1590.8881	MS/MS	MS/MS	sp|P07437|TBB5_HUMAN	P07437	TBB5_HUMAN	TUBB	Tubulin beta chain	TUBB2A, TUBB2B, TUBB3, TUBB4A, TUBB4B	sp|P04350|TBB4A_HUMAN, sp|P68371|TBB4B_HUMAN, sp|Q13509|TBB3_HUMAN, sp|Q13885|TBB2A_HUMAN, sp|Q9BVA1|TBB2B_HUMAN
MREIVHIQAGQCGNQIGAK	MREIVHIQAGQCGNQIGAK	19	4	-45	1	MREIVHIQAGQC[521.3074]GNQIGAK	MREIVHIQAGQC[527.3213]GNQIGAK	1.58838688E8	3.55497344E8	1.162276376136011	0.9999493	1590.8881	1590.8881	requantify	MS/MS	sp|P07437|TBB5_HUMAN	P07437	TBB5_HUMAN	TUBB	Tubulin beta chain	TUBB2A, TUBB2B, TUBB3, TUBB4A, TUBB4B	sp|P04350|TBB4A_HUMAN, sp|P68371|TBB4B_HUMAN, sp|Q13509|TBB3_HUMAN, sp|Q13885|TBB2A_HUMAN, sp|Q9BVA1|TBB2B_HUMAN
SGDAAIVDMVPGKPMCVESFSDYPPLGR	SGDAAIVDMVPGKPM[15.9949]CVESFSDYPPLGR	28	3	-35	1	SGDAAIVDMVPGKPM[15.9949]C[521.3074]VESFSDYPPLGR	SGDAAIVDMVPGKPM[15.9949]C[527.3213]VESFSDYPPLGR	1.71915392E8	5.01380288E8	1.5442065117909365	0.97207296	2650.2712	2651.6401	MS/MS	requantify	sp|P68104|EF1A1_HUMAN	P68104	EF1A1_HUMAN	EEF1A1	Elongation factor 1-alpha 1		
SIQFVDWCPTGFKVGINYQPPTVVPGGDLAK	SIQFVDWCPTGFKVGINYQPPTVVPGGDLAK	31	4	-55	1	SIQFVDWC[521.3074]PTGFKVGINYQPPTVVPGGDLAK	SIQFVDWC[527.3213]PTGFKVGINYQPPTVVPGGDLAK	4.5915668E7	1.22591936E8	1.4168056438559238	0.8929513	2869.4312	2869.4312	MS/MS	MS/MS	sp|P68366|TBA4A_HUMAN	P68366	TBA4A_HUMAN	TUBA4A	Tubulin alpha-4A chain	TUBA1B	sp|P68363|TBA1B_HUMAN
TFDSIVMDPKKDVLIEFYAPWCGHCK	TFDSIVM[15.9949]DPKKDVLIEFYAPWCGHC[57.0215]K	26	4	-45	1	TFDSIVM[15.9949]DPKKDVLIEFYAPWC[521.3074]GHC[57.0215]K	TFDSIVM[15.9949]DPKKDVLIEFYAPWC[527.3213]GHC[57.0215]K	1.19445504E8	1.29838512E8	0.12036587991100825	0.94234854	2705.687	2705.687	MS/MS	MS/MS	sp|P13667|PDIA4_HUMAN	P13667	PDIA4_HUMAN	PDIA4	Protein disulfide-isomerase A4		
VMTIPYQPMPASSPVICAGGQDR	VM[15.9949]TIPYQPMPASSPVICAGGQDR	23	3	-45	1	VM[15.9949]TIPYQPMPASSPVIC[521.3074]AGGQDR	VM[15.9949]TIPYQPMPASSPVIC[527.3213]AGGQDR	3.0434462E7	9.7034416E7	1.6727906812817193	0.96553826	2378.089	2378.089	requantify	MS/MS	sp|Q15365|PCBP1_HUMAN	Q15365	PCBP1_HUMAN	PCBP1	Poly(rC)-binding protein 1		
