Peptide,Light Peptide,Heavy Peptide,Unmodified Peptide,Modified Peptide,Peptide Length,Charge,Compensation Voltages,Spectral Count,Light Modified Peptide,Heavy Modified Peptide,Log2 Ratio HL,Best Pearson Correlation LH,Light Match Type,Heavy Match Type,Protein,Protein ID,Entry Name,Gene,Protein Description,Mapped Genes,Mapped Proteins,Assigned Modifications,Area Ratio,Best Localization,Probability,Light Intensity,Heavy Intensity,Number of Missed Cleavages,Modifications,Modification Count,Amino Acids,Amino Acid Count,Modification Masses,PTM,Identifier
EAIEGTYIDKKC*PFTGNVSIR,EAIEGTYIDKKC*PFTGNVSIR,EAIEGTYIDKKC*PFTGNVSIR,EAIEGTYIDKKCPFTGNVSIR,EAIEGTYIDKKCPFTGNVSIR,21,4,-45,1,EAIEGTYIDKKC[521.3074]PFTGNVSIR,EAIEGTYIDKKC[527.3213]PFTGNVSIR,0.8438563738826562,0.7562493,MS/MS,requantify,sp|P62280|RS11_HUMAN,P62280,RS11_HUMAN,RPS11,40S ribosomal protein S11,,,12_C[527.3213];12_C[521.3074],0.8438563738826562,0,,24497806.0,43969676.0,2,12_C[527.3213];12_C[521.3074],2,C,1,527.3213;521.3074,C60,P62280_C60
EEEIAALVIDNGSGMC*KAGFAGDDAPR,EEEIAALVIDNGSGMC*KAGFAGDDAPR,EEEIAALVIDNGSGMC*KAGFAGDDAPR,EEEIAALVIDNGSGMCKAGFAGDDAPR,n[42.0106]EEEIAALVIDNGSGMCKAGFAGDDAPR,27,3,-35,1,n[42.0106]EEEIAALVIDNGSGMC[521.3074]KAGFAGDDAPR,n[42.0106]EEEIAALVIDNGSGMC[527.3213]KAGFAGDDAPR,11.885639220154493,0.42906883,requantify,MS/MS,sp|P63261|ACTG_HUMAN,P63261,ACTG_HUMAN,ACTG1,Actin; cytoplasmic 2,,,16_C[521.3074];16_C[527.3213],11.885639220154493,0,,6445.872,24390214.0,1,16_C[521.3074];16_C[527.3213],2,C,1,521.3074;527.3213,C17,P63261_C17
EINMTTVTC*LLDRNLSVLPESTLFRLDQEEK,EINMTTVTC*LLDRNLSVLPESTLFRLDQEEK,EINMTTVTC*LLDRNLSVLPESTLFRLDQEEK,EINMTTVTCLLDRNLSVLPESTLFRLDQEEK,EINM[15.9949]TTVTCLLDRNLSVLPESTLFRLDQEEK,31,4,-45,1,EINM[15.9949]TTVTC[521.3074]LLDRNLSVLPESTLFRLDQEEK,EINM[15.9949]TTVTC[527.3213]LLDRNLSVLPESTLFRLDQEEK,6.937315085649633,-0.42721763,requantify,MS/MS,sp|P51530|DNA2_HUMAN,P51530,DNA2_HUMAN,DNA2,DNA replication ATP-dependent helicase/nuclease DNA2,,,9_C[527.3213];9_C[521.3074],6.937315085649633,0,,32111.133,3935460.5,2,9_C[527.3213];9_C[521.3074],2,C,1,527.3213;521.3074,C545,P51530_C545
FLKSGDAAIVDMVPGKPMC*VESFSDYPPLGR,FLKSGDAAIVDMVPGKPMC*VESFSDYPPLGR,FLKSGDAAIVDMVPGKPMC*VESFSDYPPLGR,FLKSGDAAIVDMVPGKPMCVESFSDYPPLGR,FLKSGDAAIVDMVPGKPMCVESFSDYPPLGR,31,4,-45,1,FLKSGDAAIVDMVPGKPMC[521.3074]VESFSDYPPLGR,FLKSGDAAIVDMVPGKPMC[527.3213]VESFSDYPPLGR,1.5564151901557088,0.9167758,requantify,MS/MS,sp|P68104|EF1A1_HUMAN,P68104,EF1A1_HUMAN,EEF1A1,Elongation factor 1-alpha 1,,,19_C[527.3213];19_C[521.3074],1.5564151901557088,0,,62233800.0,183043360.0,2,19_C[527.3213];19_C[521.3074],2,C,1,527.3213;521.3074,C411,P68104_C411
FLKSGDAAIVDMVPGKPMC*VESFSDYPPLGR,FLKSGDAAIVDMVPGKPMC*VESFSDYPPLGR,FLKSGDAAIVDMVPGKPMC*VESFSDYPPLGR,FLKSGDAAIVDMVPGKPMCVESFSDYPPLGR,FLKSGDAAIVDM[15.9949]VPGKPM[15.9949]CVESFSDYPPLGR,31,4,-45,1,FLKSGDAAIVDM[15.9949]VPGKPM[15.9949]C[521.3074]VESFSDYPPLGR,FLKSGDAAIVDM[15.9949]VPGKPM[15.9949]C[527.3213]VESFSDYPPLGR,1.5349307100344294,0.7214921,requantify,MS/MS,sp|P68104|EF1A1_HUMAN,P68104,EF1A1_HUMAN,EEF1A1,Elongation factor 1-alpha 1,,,19_C[527.3213];19_C[521.3074],1.5349307100344294,0,,12271912.0,35560872.0,2,19_C[527.3213];19_C[521.3074],2,C,1,527.3213;521.3074,C411,P68104_C411
ISLGLPVGAVINC*ADNTGAK,ISLGLPVGAVINC*ADNTGAK,ISLGLPVGAVINC*ADNTGAK,ISLGLPVGAVINCADNTGAK,ISLGLPVGAVINCADNTGAK,20,3,-55,1,ISLGLPVGAVINC[521.3074]ADNTGAK,ISLGLPVGAVINC[527.3213]ADNTGAK,1.481832067109307,0.76755106,requantify,MS/MS,sp|P62829|RL23_HUMAN,P62829,RL23_HUMAN,RPL23,60S ribosomal protein L23,,,13_C[527.3213];13_C[521.3074],1.481832067109307,0,,15546956.0,43423144.0,0,13_C[527.3213];13_C[521.3074],2,C,1,527.3213;521.3074,C28,P62829_C28
MREIVHIQAGQC*GNQIGAK,MREIVHIQAGQC*GNQIGAK,MREIVHIQAGQC*GNQIGAK,MREIVHIQAGQCGNQIGAK,MREIVHIQAGQCGNQIGAK,19,3;4,-55;-45,1,MREIVHIQAGQC[521.3074]GNQIGAK,MREIVHIQAGQC[527.3213]GNQIGAK,1.3360837424123069,0.9999493,MS/MS,MS/MS,sp|P07437|TBB5_HUMAN,P07437,TBB5_HUMAN,TUBB,Tubulin beta chain,TUBB2A; TUBB2B; TUBB3; TUBB4A; TUBB4B,sp|P04350|TBB4A_HUMAN; sp|P68371|TBB4B_HUMAN; sp|Q13509|TBB3_HUMAN; sp|Q13885|TBB2A_HUMAN; sp|Q9BVA1|TBB2B_HUMAN,12_C[527.3213];12_C[521.3074],1.3360837424123069,0,,121913364.0,339752224.0,1,12_C[527.3213];12_C[521.3074],2,C,1,527.3213;521.3074,C12,P07437_C12
SGDAAIVDMVPGKPMC*VESFSDYPPLGR,SGDAAIVDMVPGKPMC*VESFSDYPPLGR,SGDAAIVDMVPGKPMC*VESFSDYPPLGR,SGDAAIVDMVPGKPMCVESFSDYPPLGR,SGDAAIVDMVPGKPM[15.9949]CVESFSDYPPLGR,28,3,-35,1,SGDAAIVDMVPGKPM[15.9949]C[521.3074]VESFSDYPPLGR,SGDAAIVDMVPGKPM[15.9949]C[527.3213]VESFSDYPPLGR,1.5442065117909365,0.97207296,MS/MS,requantify,sp|P68104|EF1A1_HUMAN,P68104,EF1A1_HUMAN,EEF1A1,Elongation factor 1-alpha 1,,,16_C[521.3074];16_C[527.3213],1.5442065117909365,0,,171915392.0,501380288.0,1,16_C[521.3074];16_C[527.3213],2,C,1,521.3074;527.3213,C411,P68104_C411
SIQFVDWC*PTGFKVGINYQPPTVVPGGDLAK,SIQFVDWC*PTGFKVGINYQPPTVVPGGDLAK,SIQFVDWC*PTGFKVGINYQPPTVVPGGDLAK,SIQFVDWCPTGFKVGINYQPPTVVPGGDLAK,SIQFVDWCPTGFKVGINYQPPTVVPGGDLAK,31,4,-55,1,SIQFVDWC[521.3074]PTGFKVGINYQPPTVVPGGDLAK,SIQFVDWC[527.3213]PTGFKVGINYQPPTVVPGGDLAK,1.4168056438559238,0.8929513,MS/MS,MS/MS,sp|P68366|TBA4A_HUMAN,P68366,TBA4A_HUMAN,TUBA4A,Tubulin alpha-4A chain,TUBA1B,sp|P68363|TBA1B_HUMAN,8_C[527.3213];8_C[521.3074],1.4168056438559238,0,,45915668.0,122591936.0,1,8_C[527.3213];8_C[521.3074],2,C,1,527.3213;521.3074,C347,P68366_C347
TFDSIVMDPKKDVLIEFYAPWC*GHCK,TFDSIVMDPKKDVLIEFYAPWC*GHCK,TFDSIVMDPKKDVLIEFYAPWC*GHCK,TFDSIVMDPKKDVLIEFYAPWCGHCK,TFDSIVM[15.9949]DPKKDVLIEFYAPWCGHC[57.0215]K,26,4,-45,1,TFDSIVM[15.9949]DPKKDVLIEFYAPWC[521.3074]GHC[57.0215]K,TFDSIVM[15.9949]DPKKDVLIEFYAPWC[527.3213]GHC[57.0215]K,0.12036587991100825,0.94234854,MS/MS,MS/MS,sp|P13667|PDIA4_HUMAN,P13667,PDIA4_HUMAN,PDIA4,Protein disulfide-isomerase A4,,,22_C[527.3213];22_C[521.3074],0.12036587991100825,0,,119445504.0,129838512.0,2,22_C[527.3213];22_C[521.3074],2,C,1,527.3213;521.3074,C555,P13667_C555
VMTIPYQPMPASSPVIC*AGGQDR,VMTIPYQPMPASSPVIC*AGGQDR,VMTIPYQPMPASSPVIC*AGGQDR,VMTIPYQPMPASSPVICAGGQDR,VM[15.9949]TIPYQPMPASSPVICAGGQDR,23,3,-45,1,VM[15.9949]TIPYQPMPASSPVIC[521.3074]AGGQDR,VM[15.9949]TIPYQPMPASSPVIC[527.3213]AGGQDR,1.6727906812817193,0.96553826,requantify,MS/MS,sp|Q15365|PCBP1_HUMAN,Q15365,PCBP1_HUMAN,PCBP1,Poly(rC)-binding protein 1,,,17_C[527.3213];17_C[521.3074],1.6727906812817193,0,,30434462.0,97034416.0,0,17_C[527.3213];17_C[521.3074],2,C,1,527.3213;521.3074,C194,Q15365_C194
